,827,828,830,852,855,862,874,1537
ORF_ID,MH0348_GL0082993_1 # 1 # 1056 # 1 # ID=2223056_1;partial=10;start_type=Edge;rbs_motif=None;rbs_spacer=None;gc_cont=0.631,MH0281_GL0065700_1 # 1 # 1056 # 1 # ID=2226793_1;partial=10;start_type=Edge;rbs_motif=None;rbs_spacer=None;gc_cont=0.653,MH0059_GL0032678_1 # 1 # 1053 # 1 # ID=2229201_1;partial=10;start_type=Edge;rbs_motif=None;rbs_spacer=None;gc_cont=0.486,MH0101_GL0037188_1 # 1 # 1044 # 1 # ID=2264640_1;partial=10;start_type=Edge;rbs_motif=None;rbs_spacer=None;gc_cont=0.436,V1.UC11-5_GL0166262_1 # 1 # 1041 # 1 # ID=2282796_1;partial=10;start_type=Edge;rbs_motif=None;rbs_spacer=None;gc_cont=0.602,L124_gene_39536_1 # 1 # 1035 # 1 # ID=2305460_1;partial=10;start_type=Edge;rbs_motif=None;rbs_spacer=None;gc_cont=0.432,L33_gene_114363_1 # 1 # 1029 # 1 # ID=2328685_1;partial=10;start_type=Edge;rbs_motif=None;rbs_spacer=None;gc_cont=0.671,MH0233_GL0046504_1 # 1 # 531 # 1 # ID=5651224_1;partial=11;start_type=Edge;rbs_motif=None;rbs_spacer=None;gc_cont=0.497
Contig,MH0348_GL0082993_1,MH0281_GL0065700_1,MH0059_GL0032678_1,MH0101_GL0037188_1,V1.UC11-5_GL0166262_1,L124_gene_39536_1,L33_gene_114363_1,MH0233_GL0046504_1 
Start,1,1,1,1,1,1,1,1
Stop,1056,1056,1053,1044,1041,1035,1029,531
Orientation,+,+,+,+,+,+,+,+
Cut_Off,Strict,Strict,Strict,Strict,Strict,Strict,Strict,Strict
Pass_Bitscore,300,300,300,300,300,300,300,650
Best_Hit_Bitscore,307.76,300.827,317.39,317.39,305.064,436.032,300.056,347.051
Best_Hit_ARO,vanI,vanI,vanI,vanI,vanI,vanI,vanI,vanD
Best_Identities,46.02,46.18,46.36,47.01,46.42,57.65,45.93,96.05
ARO,3003723,3003723,3003723,3003723,3003723,3003723,3003723,3000005
Model_type,protein homolog model,protein homolog model,protein homolog model,protein homolog model,protein homolog model,protein homolog model,protein homolog model,protein homolog model
SNPs_in_Best_Hit_ARO,,,,,,,,
Other_SNPs,,,,,,,,
Drug Class,glycopeptide antibiotic,glycopeptide antibiotic,glycopeptide antibiotic,glycopeptide antibiotic,glycopeptide antibiotic,glycopeptide antibiotic,glycopeptide antibiotic,glycopeptide antibiotic
Resistance Mechanism,antibiotic target alteration,antibiotic target alteration,antibiotic target alteration,antibiotic target alteration,antibiotic target alteration,antibiotic target alteration,antibiotic target alteration,antibiotic target alteration
AMR Gene Family,glycopeptide resistance gene cluster; van ligase,glycopeptide resistance gene cluster; van ligase,glycopeptide resistance gene cluster; van ligase,glycopeptide resistance gene cluster; van ligase,glycopeptide resistance gene cluster; van ligase,glycopeptide resistance gene cluster; van ligase,glycopeptide resistance gene cluster; van ligase,glycopeptide resistance gene cluster; van ligase
Predicted_DNA,ATGGACAGGAAACTCAAAATCGCTGTGATTTTCGGCGGCTGTTCGCCTGAATATCCGGTGTCGCTGGAATCGGCGCACTCGGTCATAGTCAATCTGGACCGCGAGAAATACGAGCCGGTGCTGCTCGGCATAACCCGGGGCGGCGAGTGGTTCCGCTTCCTCGGCGGCGCGGAAGCTCTGGAGGACGACAGCTGGCACCGCGACCGCTCGCTGTGCATCCCCGCCGTGATTTCCCCGGACAGGGACTTGCACGGCCTGGTTGAATTCCGCATGAACGGAGTGCGCACCACGCGGCTCGACGCTGCCTTCCCCGTCCTGCATGGACGCAACGGCGAGGACGGAACCGTCCAGGGCCTCTGCGAGCTGGCAGGCATCCCCGTCATCGGCTGCGGCACCCTGGCCTCCGCCCTGTGCATGGACAAGGACAGGGCGCACAAGCTCGCCTCCCTCGCGGGCGTGGAGGTGCCCAGATCCGTCTGTTTCTCCGGCCTGCCCTCCCAGGCGGAGCTGGAGACGCTGACGCGCAGTCTGACCTTCCCCGTATTCGTAAAACCGGTTCGCGCCGGCTCATCCTTCGGCATCACAAAGGTGGAAAATCCCGCAAACCTGCGCACAGCCGTGAGGGATGCCCTGCGCTATGACCGCGAGGTGATAGTCGAGGAGACCATAGCCGGCTTTGAGGTCGGCTGCGCCGTCATGGGTAACGCCGAACTCACCACGGGCCGCGCAGATGAGATCGAGATACAGGGCGACCTCTTTGACTACACGGAAAAGTACAACCTCATCACCTCGAAGATCCACATGCCCGCCCGCGTTGACGCAGAGACGGAGCGCCGCATCCAGGACACCGCGAAAAGCATCTACCGCGCCCTCGGTTGTCGTGGCTTCGCCCGGGTGGACATGTTCCTGGAGCCTACCGGGCGCCTGGTGTTCAATGAGGTCAACACGATACCCGGTTTCACGTCCCACAGCCGTTTTCCCAACATGATGCGCGGCATCGGATTCGAGTTTCCGGCTCTGCTGGACGAGCTCGTGTCCTTTGGCCTGGAGGTCTGA,ATGGACAGGAAACTCAAGATCGCGGTTATTTTCGGCGGCTGCTCGAGCGAGTACCCGGTGTCGCTGGAGTCGGCGCACTCGGTCATCGTGAATCTCGACCGCGACAAATACGAGCTCGTGCTGCTCGGCATCACCAAGGGCGGTGAGTGGTTCCGCTACTACGGCAGCCCGGAGGCGTTGGAGGACGACAGTTGGAGCGCCGACCGCTCAAAGTGCGTGCCCGCCGTCATCTCGCCGGACCGCGACCTGCACGGCATCGTGGAGTTTCGCATGAACGGCGTGCGCACGACGAGGCTGGACGCGGCCTTTCCCGTGCTGCACGGGCGCTTTGGCGAGGACGGCACCGTCCAGGGCCTCTGCGAGCTGGCGGGCATACCCGTCATCGGCTGCGGCACGCTCGCCTCTGCGCTCTGCATGGACAAGGACCGCGCCCACAAGCTGGCCTCGCTCGCCGGGGTGGACGTGCCGAGGTCCGTCGCCTTCTCCGGCCTGCCATCTAACGCCGAGCTGGAGCGGCTCACGGCGGAGCTGGCCATGCCGGTGTTCGTAAAGCCCGTGCGCGCGGGCTCGTCCTTCGGCATCACCAGGGTCGAGAACGCCGCAAACCTCCGCGCCGCTGTCAAGGAGGCGCTCAAGTTCGACCGCGAGGTAATAATCGAGGAGGCCATCCCCGGTTTTGAGGTCGGCTGCGCCGTCATGGGCAATGGCGAGCTTATCACCGGGCGGGCGGACGAGATTGAGATACAGGGCGCGCTCTTTGACTACGTCGAGAAGTACAACCTCATCACCTCCAAGATACACATGCCCGCGCGCGTGGACTCGGAGACGGAGCAGCGCATTCAGGAGACGGCCAAGCGCATATACCGCGCCCTCGGCTGCCGCTGCTTTGCGAGGGTGGACATGTTCCTCGAGCCCGGCGGGCGGCTGGTGTTCAACGAGGTCAACACCATACCCGGTTTCACGTCGCACAGCCGCTTTCCCAACATGATGCGCGGCATCGGCTACGACTTCCCCGTCCTGCTTGACGAGCTCGTGGCCTACGGGCTGGAGGGCTGA,ATGGATAGGAAATCAGGTATTAAGAATGTGCTTGTGATATTCGGGGGATGTTCACCGGAGTATGGGGTGTCGCTGCAGTCGGCTGCGGCTGTGATAAGAAATATTGACAGGGATAAATATATGCCTGTGCTTGTCGGAATCACAAAGGCTGGTGACTGGTATTATTACGATGGTGATGTTCAGAATATAGAGAATGATTCATGGTGGAATGAGAGCTGTAGGAGGGCGGTCATATCACCGGACAGGAGCAGGCATGAGCTTGTTATCATAGATAATTGTACAACAAGCTATATAAAAATAGACGCCGCTCTGCCGGTACTGCATGGCAAGAATGGTGAGGACGGTTCGGTGCAGGGATGTCTGTCGGTTGCAGGCATACCTGTTGCGGGCTGTGGAATACTTGCCTCCGCGCTGTGCATGGACAAGGACAGAGCGCACAGACTGGTTGGAGAGGCAGGAGTGAGAGTTCCGAAGGCGATGGTTGTGAACAGTGAAAATGCTATGGAAGCGGTTGCAAAGTTCGCAGGCATTGTGGAATTTCCTCTTTTTGTCAAGCCGGTGAAGGCTGGCTCATCCTTCGGAATAACCAAGGTGTGCAAGGACAGCGAGCTGTGCGCCGCTGTAAAGAAGGCTTTTGAGTACGATGACAGCGTGATTATAGAGGAAAATATAGATGGCTTCGAGGTTGGCTGTGCCGTGCTTGGAACGGACAAGCTTATTGTCGGCGAGGTCGATGAGATTGAGCTTTCAGAAGGATTCTTTGATTTCACCGAAAAATATACACTCAAGACATCGAAAATTCATGTGCCGGCGCGTGTGGACGGAGAGACCGCACAGAGGATAAAGGCTACAGCCCGGAAAATATATAGGGCGTTGGGATGTTCGGGCTTTGCGCGTGTAGATATGTTTCTCACAAATGAGGGTGAGATAGTCTTTAACGAGGTCAACACCATTCCGGGATTTACGGAGCACAGTAGGTATCCGGGGATGATGAGGGCTGCCGGAATTGAATTTAAAGAGGTAATTGACAGGATTCTGGGGCAGGTTTCGTAA,TTGAAAAGAATAGCAATTTTATTTGGGGGATGCTCCAGTGAGTATCCGGTGTCATTACAGTCGGCTCATGCCATTATCAACCATGTGAATCGAGACAAATATGAGGTGGTTCTGATAGGAATCACACGTCAAGGAGAATGGTTTCGGTATGATGGTGATTATGAAGAAATCGCAGCTGACACTTGGCATGAAAGTGAAACATTTTGCCATCCGGCGTGGCTGAGCCCGAATCGATCTGTCCATGGAATGGTGGAAATCCGAGACAATAAGCGGATTGAGACATGGTTAGATGCGGTGTTTCCGGTTTTGCATGGGAAAAATGGAGAAGATGGAACTGTGCAGGGGGCAGCAGAACTAGCCGGGATTCCGGTTATAGGATGTGGCCTGCTGTCTTCTGCATTGTGCATGGACAAGGACAGGGCTCATCAACTGGCAGAAAAGGCAGGAATCTTAGTGCCAAAGGCGCTGGTATTTTCTGAGGTAATGGAAGAAAAGGAACTTTTAAAACGGACAAGCGCACTGACATACCCGTTGTTTGTAAAACCGGTCCGAGCGGGTTCTTCTTTTGGAATCACAAAAGTAAGTGAAAAAGAGCAGCTTTTGTCAGCTGTGAAAATGGCATTTACACATGATGATGAAGTGATTGTGGAAGAAGCGGTAGAAGGCTTTGAAGTGGGATGTGCCGTTTTAGGAAACGAGGAGCTTTTGGTGGGAAGAGTGGATGAAATTGAACTGTCAGACGGATTTTTTGATTATACAGAAAAATATACGCTGAAAAGTTCCAAAATCCATATGCCGGCGAGAGTCGATGAACAGATGGAAAAAAAGATACAGGAAACGGCAAAACAGATTTACAGAGCATTGGCATGTAAAGGATTTGCGAGGGTAGATCTTTTTCTGACACCAGAACAGAAATTAGTATTTAATGAAGTCAATACTATTCCCGGATTTACGTCACATAGTCGTTATCCGAACATGATGAAAGGGATAGGGATGACGTTTTCAGAAATATTGGAGCGCCTGATTGAATTGGAGGTACGTTGA,ATGAAGAAAATCCTGGTACTGTTTGGGGGCTGTTCGCCGGAATACGTCGTTTCCCTGCAATCCGCTTACAGCGTGCTGCGCCACATGGACCGGGAGCGTTACCGCCCCATCCCGGTGGGGATCACCCAGGCGGGGGACTGGTTTCTGTATACCGGCAAGTGGGAGGCCATCCCCGCCGGGACATGGCAGGAGCGCCACTGCCTGCCCGCCGCTGTCTCCCCCAACCGGCGGGATCACGGGCTGCTGGTCTGGCGGCGCGGCGGTATGGAAATCATACCGCTAGACGGGGCCTTTCCCGTGCTCCACGGAAAAAACGGTGAGGACGGAACGGTTCAGGGCCTGTTAGAACTGGCCGGTATCCCCGTAGTGGGATGCGGCACTCTGGCTTCCGCCCTGTGCATGGACAAGGTCCGGGCACATCAGTTGGTCCAGGCGGCTGGTGTAGAGATCCCCCGCTCCCTGGTTTTTGACCGGGAAGCCTCGGAACAGGAATTGATGGATGGAGCGGCCAGCCTAGGTTATCCGCTGTTTGTGAAACCCTTGCGGGCTGGTTCGTCCTTTGGCATCTCCAAGGTGATGAGCGCTGACCAGCTGCACGGCGCCTGGAAAAACGCCCTCAAATACGATGAAGCCATGATTTTAGAGGAAGCGATCCCTGGTTTTGAGGTGGGCTGCGCCGTGCTGGGGAACAAAACCTTAACCATCGGTGAGGTGGATGAGGTAGAGCTTTCCCACGGCTTTTTTGATTACACGGAAAAGTACAGCCTGCGGACCTCCGCCATCCATGTGCCTGCCCGCATCACCAAGGAGCAGGCAGCGCTGGTGAAAGCCGCAGCCGTAACTGTTTACCGTGCCCTAGGCTGCCGCGGGTTTGCCCGGGTGGATTTCTTCCTGACCCCCTCCGGCAAGCTCGTCTTTAATGAGGTCAATACAATCCCGGGATTGACAGCCCACAGCCGGTTTCCTAAAATGCTGGAGGCTGCCGGGATCCCCCTGGAGGACGCTGTCACCCAGGCCATTGAGGAGGCGTTAGAGCCATGA,ATGAAGAAAAAGGTTGCAATATTATTTGGTGGTTGTTCTGAAGAACATGACGTATCCATAAAATCTGCAAGAGAAATCTGGAAATATATTGACAAAGAAAAATATGATCCCGTTTATATCGGTATTTCCAGATCCGGCGAATGGAAACTCTGTGATGAACCTACTGCTGATTGGGATGCGAAAACAACACAGCGTGTCATTTTGTCCTCCAACAAACAGGATAAAGGCATGCTGGTACTGAAAGACGGTACTTATGAATTGGTTCCTCTGGATGTTGTATTCCCCATGATCCACGGCAAAATGGGCGAAGACGGCACCATTCAGGGTCTGCTGGAAGTGACAGGTATTCCTTATGTAGGCTGCGGCATTCCTGCTTCTGTATTGTGTATGGATAAATCTATGACATACCTGACAGTAAGCAACCATGGATTCCGCGCGCCTGGATTCAAAATTCTGCATGATGGCGAAGAAGCAGACGCATCCGCTTTGAACTACCCTGTTTTTGTAAAACCTGCTCGTTCCGGTTCTTCCTTTGGTGTAACAAAGGTAAGCAAACCAGAAGATTTGCAGGCTGCTGTTGATGTGGCAAGAGAATTTGACAAAAAAGTTCTGATTGAAGAAGCTATCAAAGGTATGGAAGTTGGCTGCGCAGTTATTGGTAATGGCGACAACCTGAAAGTAGGGGAAGTAGACCAGATCACGCTGTCTCATGGTATTTTCCGTATCCATCAGGAAGACCATCCCGAAGAAGGTTCTGAAAATGCTGTATTTACAGTTCCCGCAAACCTGCCTGTTGAAAAACGGAAAGAAATCCAGGAAACAGCAAAAGCAATGTATAAAGTTCTGGGCTGCAAAGACCTTTCCCGCGTGGATATGTTCCTGCAGGAAGATGGTACCATCGTTCTGAACGAAGTAAATACAATGCCTGGTTTCACATCTTATAGCCGTTATCCTCGTATGATGCTGGCAACAGGCATGACATTCACTGAACTTATTGACCACTGTATTGAAATGGCATTGCAGGAAGGAAAATAA,TTGGTGCTGTTCGGCGGATGCTCTTCAGAGCATGAGGTGTCTCTGCAGTCCGCCCACGGCGTGCTGACGCACATGGACCCGGAGCGGTACTGCCCCATCCCGGTAGGGATCACCCGGGAGGGGGCGTGGTATGTTTACACAGGGCCGCTGGATGCCATTCCCGGTGGAAGATGGCAGCGGGAGGCGGCGTGCGTGCCCTGCACTCTGCGGCTGGACCGGGGGAACCAGGCCCTGGTGCTGTTGGACGGCTCCGGCCGGGAAGTGGCTTTTGACTTGGCCTTCCCGGTTCTCCACGGCAGGAACGGTGAGGACGGCACGGTTCAGGGGGCGCTGGAATTGGCCGGTGTGCCCCTGGTAGGCTGCGGGACGCTGTCCAGCGCCCTGTGTATGGACAAGGACCGAGCCCACAAGCTGGCGGCTCTGGCGGGGGTACGGGTGCCCCGGAGCCGTCTCTTCCCGGAGGACTGTGCCTTTGAGGAGCTCCGGACGGCAGCCGAAACACTGGGCTGGCCGCTGTTTGTCAAGCCGGTGCGGGCGGGTTCTTCCTTCGGCGTGAGCCGGGTGGAGGAGCCGGCACAGCTGGCTCCGGCGGTGGAGGCGGCCTTCCGCCACGACGGCGAGATTTTGCTGGAGGAGGCCATTCCCGGCTTTGAGGTGGGCTGTGCGGTGCTGGGGAACCGGGAGCTCACCGTCGGGGCGGTGGATGAGGTGGAGCTGTCCCGGGGCTTCTTCAACTATACGGAGAAATACACCCTCCAGACATCGGCCATCCACTGCCCCGCCCGGATCGCCCCGCAAAAGGCAGCGGAGATCCGGGAGACGGCGAAGGTCCTCTACCGGGCACTGGGCTGCCGGGGATTTGCCAGGGTGGACCTGTTCCTCACCCCCTGGGGGGAGATTGTGTTCAACGAGGTGAACACGATCCCGGGCTTCACGCCCCATAGCCGCTATCCTGCCATGATGCGTGCCGCCGGCATCCCCTTCCGGGAGCTGGTGAGCCGCCTGATCCAGCTGGGGGCCGAGCTATGA,ATGATTCATGGAAAATTTGGCGAGGACGGAACCATACAGGGTCTGCTTGAGCTGTCCGGTATTCCTTATGTGGGCTGCGACATTCAAAGTTCTGTAATTTGTATGGATAAGTCACTCGCTTATATGGTTGTGAAAAATGCGGGGATTAAGGTACCTGGTTTTCGGGTTCTACAAAAAGGGGACAACCTGGAAGCGGAGACGCTCTCGTACCCGATCTTCGTAAAGCCTGCCCGTTCCGGCTCCTCTTTTGGCGTGAATAAGGTATGCCGGACAGAGGAACTGCAGGCAGCGGTCACTGAGGCAGGTAAGTATGACAGCAAAATATTGGTTGAAGAGTCCGTTTCCGGGAGTGAGGTAGGCTGTGCCATACTGGGAATCGGAAACGATCTCATCGCCGGTGAGGTCGATCAGATTGAATTGAAACACGGGTTTTTTAAAATCCATCAGGAAGCACAGCCGGAAAAGGGGTCTGAAAATGCTGTGATCAGAGTTCCGGCCGCCCTGCCGGATGAAGTAAGGGAGCAGATTCAG
Predicted_Protein,MDRKLKIAVIFGGCSPEYPVSLESAHSVIVNLDREKYEPVLLGITRGGEWFRFLGGAEALEDDSWHRDRSLCIPAVISPDRDLHGLVEFRMNGVRTTRLDAAFPVLHGRNGEDGTVQGLCELAGIPVIGCGTLASALCMDKDRAHKLASLAGVEVPRSVCFSGLPSQAELETLTRSLTFPVFVKPVRAGSSFGITKVENPANLRTAVRDALRYDREVIVEETIAGFEVGCAVMGNAELTTGRADEIEIQGDLFDYTEKYNLITSKIHMPARVDAETERRIQDTAKSIYRALGCRGFARVDMFLEPTGRLVFNEVNTIPGFTSHSRFPNMMRGIGFEFPALLDELVSFGLEV,MDRKLKIAVIFGGCSSEYPVSLESAHSVIVNLDRDKYELVLLGITKGGEWFRYYGSPEALEDDSWSADRSKCVPAVISPDRDLHGIVEFRMNGVRTTRLDAAFPVLHGRFGEDGTVQGLCELAGIPVIGCGTLASALCMDKDRAHKLASLAGVDVPRSVAFSGLPSNAELERLTAELAMPVFVKPVRAGSSFGITRVENAANLRAAVKEALKFDREVIIEEAIPGFEVGCAVMGNGELITGRADEIEIQGALFDYVEKYNLITSKIHMPARVDSETEQRIQETAKRIYRALGCRCFARVDMFLEPGGRLVFNEVNTIPGFTSHSRFPNMMRGIGYDFPVLLDELVAYGLEG,MDRKSGIKNVLVIFGGCSPEYGVSLQSAAAVIRNIDRDKYMPVLVGITKAGDWYYYDGDVQNIENDSWWNESCRRAVISPDRSRHELVIIDNCTTSYIKIDAALPVLHGKNGEDGSVQGCLSVAGIPVAGCGILASALCMDKDRAHRLVGEAGVRVPKAMVVNSENAMEAVAKFAGIVEFPLFVKPVKAGSSFGITKVCKDSELCAAVKKAFEYDDSVIIEENIDGFEVGCAVLGTDKLIVGEVDEIELSEGFFDFTEKYTLKTSKIHVPARVDGETAQRIKATARKIYRALGCSGFARVDMFLTNEGEIVFNEVNTIPGFTEHSRYPGMMRAAGIEFKEVIDRILGQVS,LKRIAILFGGCSSEYPVSLQSAHAIINHVNRDKYEVVLIGITRQGEWFRYDGDYEEIAADTWHESETFCHPAWLSPNRSVHGMVEIRDNKRIETWLDAVFPVLHGKNGEDGTVQGAAELAGIPVIGCGLLSSALCMDKDRAHQLAEKAGILVPKALVFSEVMEEKELLKRTSALTYPLFVKPVRAGSSFGITKVSEKEQLLSAVKMAFTHDDEVIVEEAVEGFEVGCAVLGNEELLVGRVDEIELSDGFFDYTEKYTLKSSKIHMPARVDEQMEKKIQETAKQIYRALACKGFARVDLFLTPEQKLVFNEVNTIPGFTSHSRYPNMMKGIGMTFSEILERLIELEVR,MKKILVLFGGCSPEYVVSLQSAYSVLRHMDRERYRPIPVGITQAGDWFLYTGKWEAIPAGTWQERHCLPAAVSPNRRDHGLLVWRRGGMEIIPLDGAFPVLHGKNGEDGTVQGLLELAGIPVVGCGTLASALCMDKVRAHQLVQAAGVEIPRSLVFDREASEQELMDGAASLGYPLFVKPLRAGSSFGISKVMSADQLHGAWKNALKYDEAMILEEAIPGFEVGCAVLGNKTLTIGEVDEVELSHGFFDYTEKYSLRTSAIHVPARITKEQAALVKAAAVTVYRALGCRGFARVDFFLTPSGKLVFNEVNTIPGLTAHSRFPKMLEAAGIPLEDAVTQAIEEALEP,MKKKVAILFGGCSEEHDVSIKSAREIWKYIDKEKYDPVYIGISRSGEWKLCDEPTADWDAKTTQRVILSSNKQDKGMLVLKDGTYELVPLDVVFPMIHGKMGEDGTIQGLLEVTGIPYVGCGIPASVLCMDKSMTYLTVSNHGFRAPGFKILHDGEEADASALNYPVFVKPARSGSSFGVTKVSKPEDLQAAVDVAREFDKKVLIEEAIKGMEVGCAVIGNGDNLKVGEVDQITLSHGIFRIHQEDHPEEGSENAVFTVPANLPVEKRKEIQETAKAMYKVLGCKDLSRVDMFLQEDGTIVLNEVNTMPGFTSYSRYPRMMLATGMTFTELIDHCIEMALQEGK,LVLFGGCSSEHEVSLQSAHGVLTHMDPERYCPIPVGITREGAWYVYTGPLDAIPGGRWQREAACVPCTLRLDRGNQALVLLDGSGREVAFDLAFPVLHGRNGEDGTVQGALELAGVPLVGCGTLSSALCMDKDRAHKLAALAGVRVPRSRLFPEDCAFEELRTAAETLGWPLFVKPVRAGSSFGVSRVEEPAQLAPAVEAAFRHDGEILLEEAIPGFEVGCAVLGNRELTVGAVDEVELSRGFFNYTEKYTLQTSAIHCPARIAPQKAAEIRETAKVLYRALGCRGFARVDLFLTPWGEIVFNEVNTIPGFTPHSRYPAMMRAAGIPFRELVSRLIQLGAEL,MIHGKFGEDGTIQGLLELSGIPYVGCDIQSSVICMDKSLAYMVVKNAGIKVPGFRVLQKGDNLEAETLSYPIFVKPARSGSSFGVNKVCRTEELQAAVTEAGKYDSKILVEESVSGSEVGCAILGIGNDLIAGEVDQIELKHGFFKIHQEAQPEKGSENAVIRVPAALPDEVREQIQ
CARD_Protein_Sequence,MTKLKIAIIFGGCSEEHPVSVKSAGEVAKNLDPEKYEPFYIGITKDGVWQLCHYPEVNWEKGSCRPAILSPDRSVQGLLVLEQGQYQRIPLDLVFPVLHGKFGEDGAMQGLLELSGIPYVGCDIPSSALCMDKSLAYIVAGKAGIATPKFRTVTVKETIDAERLTYPVYVKPARSGSSFGVTKVCRQEELLNAVEIASQYDSKVLIEETVIGTEIGCAIFGNDLDLIAGEVDQIRLSHGFFRIHQENEPEKGSENSTLIVPAGISAEARSRVQETAKAIYRALGCRGLARVDMFLKEDGTVILNEVNTLPGMTSYSRFPRMMAAAGLPFAEVIDRLVSLALKGKTGTN,MTKLKIAIIFGGCSEEHPVSVKSAGEVAKNLDPEKYEPFYIGITKDGVWQLCHYPEVNWEKGSCRPAILSPDRSVQGLLVLEQGQYQRIPLDLVFPVLHGKFGEDGAMQGLLELSGIPYVGCDIPSSALCMDKSLAYIVAGKAGIATPKFRTVTVKETIDAERLTYPVYVKPARSGSSFGVTKVCRQEELLNAVEIASQYDSKVLIEETVIGTEIGCAIFGNDLDLIAGEVDQIRLSHGFFRIHQENEPEKGSENSTLIVPAGISAEARSRVQETAKAIYRALGCRGLARVDMFLKEDGTVILNEVNTLPGMTSYSRFPRMMAAAGLPFAEVIDRLVSLALKGKTGTN,MTKLKIAIIFGGCSEEHPVSVKSAGEVAKNLDPEKYEPFYIGITKDGVWQLCHYPEVNWEKGSCRPAILSPDRSVQGLLVLEQGQYQRIPLDLVFPVLHGKFGEDGAMQGLLELSGIPYVGCDIPSSALCMDKSLAYIVAGKAGIATPKFRTVTVKETIDAERLTYPVYVKPARSGSSFGVTKVCRQEELLNAVEIASQYDSKVLIEETVIGTEIGCAIFGNDLDLIAGEVDQIRLSHGFFRIHQENEPEKGSENSTLIVPAGISAEARSRVQETAKAIYRALGCRGLARVDMFLKEDGTVILNEVNTLPGMTSYSRFPRMMAAAGLPFAEVIDRLVSLALKGKTGTN,MTKLKIAIIFGGCSEEHPVSVKSAGEVAKNLDPEKYEPFYIGITKDGVWQLCHYPEVNWEKGSCRPAILSPDRSVQGLLVLEQGQYQRIPLDLVFPVLHGKFGEDGAMQGLLELSGIPYVGCDIPSSALCMDKSLAYIVAGKAGIATPKFRTVTVKETIDAERLTYPVYVKPARSGSSFGVTKVCRQEELLNAVEIASQYDSKVLIEETVIGTEIGCAIFGNDLDLIAGEVDQIRLSHGFFRIHQENEPEKGSENSTLIVPAGISAEARSRVQETAKAIYRALGCRGLARVDMFLKEDGTVILNEVNTLPGMTSYSRFPRMMAAAGLPFAEVIDRLVSLALKGKTGTN,MTKLKIAIIFGGCSEEHPVSVKSAGEVAKNLDPEKYEPFYIGITKDGVWQLCHYPEVNWEKGSCRPAILSPDRSVQGLLVLEQGQYQRIPLDLVFPVLHGKFGEDGAMQGLLELSGIPYVGCDIPSSALCMDKSLAYIVAGKAGIATPKFRTVTVKETIDAERLTYPVYVKPARSGSSFGVTKVCRQEELLNAVEIASQYDSKVLIEETVIGTEIGCAIFGNDLDLIAGEVDQIRLSHGFFRIHQENEPEKGSENSTLIVPAGISAEARSRVQETAKAIYRALGCRGLARVDMFLKEDGTVILNEVNTLPGMTSYSRFPRMMAAAGLPFAEVIDRLVSLALKGKTGTN,MTKLKIAIIFGGCSEEHPVSVKSAGEVAKNLDPEKYEPFYIGITKDGVWQLCHYPEVNWEKGSCRPAILSPDRSVQGLLVLEQGQYQRIPLDLVFPVLHGKFGEDGAMQGLLELSGIPYVGCDIPSSALCMDKSLAYIVAGKAGIATPKFRTVTVKETIDAERLTYPVYVKPARSGSSFGVTKVCRQEELLNAVEIASQYDSKVLIEETVIGTEIGCAIFGNDLDLIAGEVDQIRLSHGFFRIHQENEPEKGSENSTLIVPAGISAEARSRVQETAKAIYRALGCRGLARVDMFLKEDGTVILNEVNTLPGMTSYSRFPRMMAAAGLPFAEVIDRLVSLALKGKTGTN,MTKLKIAIIFGGCSEEHPVSVKSAGEVAKNLDPEKYEPFYIGITKDGVWQLCHYPEVNWEKGSCRPAILSPDRSVQGLLVLEQGQYQRIPLDLVFPVLHGKFGEDGAMQGLLELSGIPYVGCDIPSSALCMDKSLAYIVAGKAGIATPKFRTVTVKETIDAERLTYPVYVKPARSGSSFGVTKVCRQEELLNAVEIASQYDSKVLIEETVIGTEIGCAIFGNDLDLIAGEVDQIRLSHGFFRIHQENEPEKGSENSTLIVPAGISAEARSRVQETAKAIYRALGCRGLARVDMFLKEDGTVILNEVNTLPGMTSYSRFPRMMAAAGLPFAEVIDRLVSLALKGKTGTN,MYKLKIAVLFGGCSEEHDVSVKSAMEVAANINKEKYQPFYIGITKSGAWKLCDKPCRDWENYAGYPAVISPDRRIHGLLIQKDGGYESQPVDVVLPMIHGKFGEDGTIQGLLELSGIPYVGCDIQSSVICMDKSLAYMVVKNAGIEVPGFRVLQKGDSLEAETLSYPVFVKPARSGSSFGVNKVCRAEELQAAVTEAGKYDSKILVEEAVSGSEVGCAILGNGNDLITGEVDQIELKHGFFKIHQEAQPEKGSENAVIRVPAALPDEVREQIQETAKKIYRVLGCRGLARIDLFLREDGSIVLNEVNTMPGFTSYSRYPRMMTAAGFTLSEILDRLIGLSLRR
Percentage Length of Reference Sequence,100.86,100.86,100.57,99.71,99.43,98.85,98.28,51.6
ID,gnl|BL_ORD_ID|2088|hsp_num:0,gnl|BL_ORD_ID|2088|hsp_num:0,gnl|BL_ORD_ID|2088|hsp_num:0,gnl|BL_ORD_ID|2088|hsp_num:0,gnl|BL_ORD_ID|2088|hsp_num:0,gnl|BL_ORD_ID|2088|hsp_num:0,gnl|BL_ORD_ID|2088|hsp_num:0,gnl|BL_ORD_ID|776|hsp_num:0
Model_ID,2241,2241,2241,2241,2241,2241,2241,824
genename,MH0348_GL0082993,MH0281_GL0065700,MH0059_GL0032678,MH0101_GL0037188,V1.UC11-5_GL0166262,L124_gene_39536,L33_gene_114363,MH0233_GL0046504
